username,repo_name,stars,repo_url
wordplate,wordplate,1000,https://github.com/wordplate/wordplate
wordplate,extended-acf,224000,https://github.com/wordplate/extended-acf
wordplate,plate,74000,https://github.com/wordplate/plate
wordplate,framework,34000,https://github.com/wordplate/framework
wordplate,mail,20000,https://github.com/wordplate/mail
fiskhandlarn,blade,19000,https://github.com/fiskhandlarn/blade
Levdbas,BasePlate,17000,https://github.com/Levdbas/BasePlate
wordplate,wordplate.github.io,16000,https://github.com/wordplate/wordplate.github.io
hoymultimedia,polylang,5000,https://github.com/hoymultimedia/polylang
neone35,plumber123,4000,https://github.com/neone35/plumber123
b4nghh,wordplate-boilerplate,2000,https://github.com/b4nghh/wordplate-boilerplate
